LAD,x_lon,y_lat,area,LADn,RGN,RGNn,CTRY,CTRYn
E06000001,-1.27018,54.67614,93.7714950441284,Hartlepool,E12000001,North East,E92000001,England
E06000002,-1.21099,54.54467,53.8585692194977,Middlesbrough,E12000001,North East,E92000001,England
E06000003,-1.00608,54.56752,245.142931583923,Redcar and Cleveland,E12000001,North East,E92000001,England
E06000004,-1.30664,54.55691,204.902304359161,Stockton-on-Tees,E12000001,North East,E92000001,England
E06000005,-1.56835,54.53534,197.489020458939,Darlington,E12000001,North East,E92000001,England
E06000006,-2.68853,53.33424,79.0786659383621,Halton,E12000002,North West,E92000001,England
E06000007,-2.56167,53.39163,180.622689413574,Warrington,E12000002,North West,E92000001,England
E06000008,-2.4636,53.7008,137.059783632843,Blackburn with Darwen,E12000002,North West,E92000001,England
E06000009,-3.02199,53.82164,34.867951984726,Blackpool,E12000002,North West,E92000001,England
E06000010,-0.30382,53.7692,71.6108643509674,"Kingston upon Hull, City of",E12000003,Yorkshire and The Humber,E92000001,England
E06000011,-0.66195,53.88112,2404.95506076044,East Riding of Yorkshire,E12000003,Yorkshire and The Humber,E92000001,England
E06000012,-0.13911,53.52327,192.712894195221,North East Lincolnshire,E12000003,Yorkshire and The Humber,E92000001,England
E06000013,-0.52407,53.58643,846.530987092484,North Lincolnshire,E12000003,Yorkshire and The Humber,E92000001,England
E06000014,-1.07375,53.96582,271.935449482834,York,E12000003,Yorkshire and The Humber,E92000001,England
E06000015,-1.47189,52.91464,78.0222661156921,Derby,E12000004,East Midlands,E92000001,England
E06000016,-1.1304,52.63592,73.3765443447113,Leicester,E12000004,East Midlands,E92000001,England
E06000017,-0.6263,52.66765,393.739393103317,Rutland,E12000004,East Midlands,E92000001,England
E06000018,-1.16667,52.95419,74.600645987915,Nottingham,E12000004,East Midlands,E92000001,England
E06000019,-2.73931,52.08154,2179.66699772301,"Herefordshire, County of",E12000005,West Midlands,E92000001,England
E06000020,-2.48941,52.71417,290.32744482988,Telford and Wrekin,E12000005,West Midlands,E92000001,England
E06000021,-2.15888,53.01707,93.4094423483658,Stoke-on-Trent,E12000005,West Midlands,E92000001,England
E06000022,-2.48654,51.35604,351.161960381393,Bath and North East Somerset,E12000009,South West,E92000001,England
E06000023,-2.57742,51.47115,109.684921840687,"Bristol, City of",E12000009,South West,E92000001,England
E06000024,-2.75438,51.39706,374.650210144997,North Somerset,E12000009,South West,E92000001,England
E06000025,-2.46922,51.54673,497.027840981224,South Gloucestershire,E12000009,South West,E92000001,England
E06000026,-4.11297,50.40494,79.8416262805195,Plymouth,E12000009,South West,E92000001,England
E06000027,-3.55523,50.47092,62.9143100538454,Torbay,E12000009,South West,E92000001,England
E06000030,-1.73367,51.57763,230.091397936996,Swindon,E12000009,South West,E92000001,England
E06000031,-0.26874,52.59214,343.411218508179,Peterborough,E12000006,East of England,E92000001,England
E06000032,-0.42319,51.89102,43.3590401051331,Luton,E12000006,East of England,E92000001,England
E06000033,0.706923,51.54917,41.6590181041031,Southend-on-Sea,E12000006,East of England,E92000001,England
E06000034,0.334861,51.50998,163.771440663017,Thurrock,E12000006,East of England,E92000001,England
E06000035,0.563174,51.44772,193.601538460953,Medway,E12000008,South East,E92000001,England
E06000036,-0.73363,51.4113,109.331486309494,Bracknell Forest,E12000008,South East,E92000001,England
E06000037,-1.27364,51.44559,704.170091708199,West Berkshire,E12000008,South East,E92000001,England
E06000038,-0.99071,51.45302,40.3859751936646,Reading,E12000008,South East,E92000001,England
E06000039,-0.57617,51.5035,32.5411411581726,Slough,E12000008,South East,E92000001,England
E06000040,-0.67541,51.48034,198.418678977585,Windsor and Maidenhead,E12000008,South East,E92000001,England
E06000041,-0.89935,51.42296,178.974764762657,Wokingham,E12000008,South East,E92000001,England
E06000042,-0.7407,52.07241,308.649685371536,Milton Keynes,E12000008,South East,E92000001,England
E06000043,-0.15079,50.8465,82.8706687560081,Brighton and Hove,E12000008,South East,E92000001,England
E06000044,-1.07006,50.808,40.3861499861794,Portsmouth,E12000008,South East,E92000001,England
E06000045,-1.39952,50.9212,49.856215283638,Southampton,E12000008,South East,E92000001,England
E06000046,-1.33366,50.67129,379.683527057251,Isle of Wight,E12000008,South East,E92000001,England
E06000047,-1.8405,54.68513,2231.48281168639,County Durham,E12000001,North East,E92000001,England
E06000049,-2.29299,53.16793,1166.353434744,Cheshire East,E12000002,North West,E92000001,England
E06000050,-2.70298,53.16336,919.961107663628,Cheshire West and Chester,E12000002,North West,E92000001,England
E06000051,-2.73667,52.62212,3197.31326242727,Shropshire,E12000005,West Midlands,E92000001,England
E06000052,-4.64254,50.45022,3548.70177607075,Cornwall,E12000009,South West,E92000001,England
E06000053,-6.30217,49.92332,16.3466885369222,Isles of Scilly,E12000009,South West,E92000001,England
E06000054,-1.92661,51.32883,3255.35962091747,Wiltshire,E12000009,South West,E92000001,England
E06000055,-0.45463,52.19628,476.377908909637,Bedford,E12000006,East of England,E92000001,England
E06000056,-0.47754,51.99903,715.573724117798,Central Bedfordshire,E12000006,East of England,E92000001,England
E06000057,-2.07523,55.30037,5032.36927829161,Northumberland,E12000001,North East,E92000001,England
E06000058,-1.84807,50.74609,162.072437492867,"Bournemouth, Christchurch and Poole",E12000009,South West,E92000001,England
E06000059,-2.41467,50.79697,2490.99482260114,Dorset,E12000009,South West,E92000001,England
E06000060,-0.80569,51.76966,1564.99592839693,Buckinghamshire,E12000008,South East,E92000001,England
E06000061,-0.62504,52.42546,986.593271768242,North Northamptonshire,E12000004,East Midlands,E92000001,England
E06000062,-1.01682,52.26898,1380.42926525142,West Northamptonshire,E12000004,East Midlands,E92000001,England
E07000008,0.126436,52.20017,40.710821341156,Cambridge,E12000006,East of England,E92000001,England
E07000009,0.283149,52.35788,651.262201929535,East Cambridgeshire,E12000006,East of England,E92000001,England
E07000010,0.009016,52.53544,546.492599468903,Fenland,E12000006,East of England,E92000001,England
E07000011,-0.2247,52.35315,912.559639881676,Huntingdonshire,E12000006,East of England,E92000001,England
E07000012,0.091017,52.10805,901.686105993103,South Cambridgeshire,E12000006,East of England,E92000001,England
E07000026,-3.2809,54.68524,1258.2176713884,Allerdale,E12000002,North West,E92000001,England
E07000027,-3.1999,54.15731,77.8238662138977,Barrow-in-Furness,E12000002,North West,E92000001,England
E07000028,-2.80498,54.97833,1038.2562172758,Carlisle,E12000002,North West,E92000001,England
E07000029,-3.37664,54.46617,737.546989925186,Copeland,E12000002,North West,E92000001,England
E07000030,-2.62678,54.63107,2156.52219011345,Eden,E12000002,North West,E92000001,England
E07000031,-2.78108,54.29908,1554.78522704135,South Lakeland,E12000002,North West,E92000001,England
E07000032,-1.46219,53.02884,265.411700613861,Amber Valley,E12000004,East Midlands,E92000001,England
E07000033,-1.27228,53.23875,160.346236211639,Bolsover,E12000004,East Midlands,E92000001,England
E07000034,-1.40115,53.25575,66.0255063756561,Chesterfield,E12000004,East Midlands,E92000001,England
E07000035,-1.70711,53.12326,795.432888864449,Derbyshire Dales,E12000004,East Midlands,E92000001,England
E07000036,-1.3509,52.9382,109.630993976608,Erewash,E12000004,East Midlands,E92000001,England
E07000037,-1.84398,53.38569,540.226457258606,High Peak,E12000004,East Midlands,E92000001,England
E07000038,-1.44253,53.16243,275.66441394783,North East Derbyshire,E12000004,East Midlands,E92000001,England
E07000039,-1.5348,52.8249,338.093721023193,South Derbyshire,E12000004,East Midlands,E92000001,England
E07000040,-3.22359,50.7576,814.331314622229,East Devon,E12000009,South West,E92000001,England
E07000041,-3.51368,50.71782,47.0494259051209,Exeter,E12000009,South West,E92000001,England
E07000042,-3.59212,50.86882,912.827288768421,Mid Devon,E12000009,South West,E92000001,England
E07000043,-3.92691,51.07621,1085.80216586374,North Devon,E12000009,South West,E92000001,England
E07000044,-3.81996,50.37195,886.622777889554,South Hams,E12000009,South West,E92000001,England
E07000045,-3.65289,50.60981,673.739532456953,Teignbridge,E12000009,South West,E92000001,England
E07000046,-4.21728,50.90739,985.290591688801,Torridge,E12000009,South West,E92000001,England
E07000047,-4.03361,50.66481,1161.05439474593,West Devon,E12000009,South West,E92000001,England
E07000061,0.258516,50.77387,44.1837880573769,Eastbourne,E12000008,South East,E92000001,England
E07000062,0.578395,50.86724,29.8056115822334,Hastings,E12000008,South East,E92000001,England
E07000063,0.007671,50.83341,292.137235986504,Lewes,E12000008,South East,E92000001,England
E07000064,0.542937,50.94871,511.805153501877,Rother,E12000008,South East,E92000001,England
E07000065,0.205156,50.93322,834.916118984734,Wealden,E12000008,South East,E92000001,England
E07000066,0.475055,51.59036,109.963809147903,Basildon,E12000006,East of England,E92000001,England
E07000067,0.575911,51.91634,611.703285087021,Braintree,E12000006,East of England,E92000001,England
E07000068,0.290091,51.64108,153.140699968689,Brentwood,E12000006,East of England,E92000001,England
E07000069,0.588084,51.56159,44.5219934365692,Castle Point,E12000006,East of England,E92000001,England
E07000070,0.491177,51.73503,342.222608309723,Chelmsford,E12000006,East of England,E92000001,England
E07000071,0.859777,51.87702,332.121301945557,Colchester,E12000006,East of England,E92000001,England
E07000072,0.154147,51.71279,338.971088450127,Epping Forest,E12000006,East of England,E92000001,England
E07000073,0.103888,51.76614,30.5302039901733,Harlow,E12000006,East of England,E92000001,England
E07000074,0.773106,51.77458,357.497644031723,Maldon,E12000006,East of England,E92000001,England
E07000075,0.683442,51.5909,166.904493809464,Rochford,E12000006,East of England,E92000001,England
E07000076,1.108981,51.85674,336.195712932793,Tendring,E12000006,East of England,E92000001,England
E07000077,0.294485,51.93592,641.116042483047,Uttlesford,E12000006,East of England,E92000001,England
E07000078,-2.07515,51.89861,46.5657477086334,Cheltenham,E12000009,South West,E92000001,England
E07000079,-1.97059,51.77255,1164.5402919432,Cotswold,E12000009,South West,E92000001,England
E07000080,-2.47755,51.81249,525.924957905666,Forest of Dean,E12000009,South West,E92000001,England
E07000081,-2.23263,51.84641,40.5463053806381,Gloucester,E12000009,South West,E92000001,England
E07000082,-2.30818,51.72001,460.616985042732,Stroud,E12000009,South West,E92000001,England
E07000083,-2.19998,51.93485,414.406209649506,Tewkesbury,E12000009,South West,E92000001,England
E07000084,-1.22021,51.25937,633.777186309971,Basingstoke and Deane,E12000008,South East,E92000001,England
E07000085,-0.93971,51.05765,514.42655513097,East Hampshire,E12000008,South East,E92000001,England
E07000086,-1.32943,50.94872,79.682414603302,Eastleigh,E12000008,South East,E92000001,England
E07000087,-1.23742,50.85388,74.2824421062393,Fareham,E12000008,South East,E92000001,England
E07000088,-1.16731,50.80636,25.3657748553772,Gosport,E12000008,South East,E92000001,England
E07000089,-0.88321,51.28197,215.260515299454,Hart,E12000008,South East,E92000001,England
E07000090,-1.00398,50.87231,55.7297320084877,Havant,E12000008,South East,E92000001,England
E07000091,-1.59293,50.85748,752.033998990864,New Forest,E12000008,South East,E92000001,England
E07000092,-0.76807,51.27815,39.050957337677,Rushmoor,E12000008,South East,E92000001,England
E07000093,-1.50214,51.13417,627.616080319244,Test Valley,E12000008,South East,E92000001,England
E07000094,-1.24393,51.03002,660.981481839672,Winchester,E12000008,South East,E92000001,England
E07000095,-0.05073,51.7208,51.4596222493668,Broxbourne,E12000006,East of England,E92000001,England
E07000096,-0.55098,51.76845,212.439075957176,Dacorum,E12000006,East of England,E92000001,England
E07000098,-0.26899,51.68017,101.112582739204,Hertsmere,E12000006,East of England,E92000001,England
E07000099,-0.22314,51.95738,375.374474341637,North Hertfordshire,E12000006,East of England,E92000001,England
E07000102,-0.45005,51.65632,88.8052867943268,Three Rivers,E12000006,East of England,E92000001,England
E07000103,-0.40429,51.6717,21.4036764801941,Watford,E12000006,East of England,E92000001,England
E07000105,0.823374,51.13096,580.584670174248,Ashford,E12000008,South East,E92000001,England
E07000106,1.096342,51.28102,308.77572686644,Canterbury,E12000008,South East,E92000001,England
E07000107,0.245276,51.43373,72.7125642407379,Dartford,E12000008,South East,E92000001,England
E07000108,1.276887,51.21176,315.310828371513,Dover,E12000008,South East,E92000001,England
E07000109,0.398744,51.39649,99.0163801447601,Gravesham,E12000008,South East,E92000001,England
E07000110,0.584061,51.23566,393.321347563377,Maidstone,E12000008,South East,E92000001,England
E07000111,0.188936,51.27563,370.334305515968,Sevenoaks,E12000008,South East,E92000001,England
E07000112,1.000795,51.07213,356.98297704747,Folkestone and Hythe,E12000008,South East,E92000001,England
E07000113,0.776893,51.32251,373.236389165291,Swale,E12000008,South East,E92000001,England
E07000114,1.328226,51.35252,103.597879617821,Thanet,E12000008,South East,E92000001,England
E07000115,0.349306,51.26064,240.107934821121,Tonbridge and Malling,E12000008,South East,E92000001,England
E07000116,0.471632,51.10254,331.301992935707,Tunbridge Wells,E12000008,South East,E92000001,England
E07000117,-2.2308,53.77406,110.690658609131,Burnley,E12000002,North West,E92000001,England
E07000118,-2.61921,53.6724,202.676676149292,Chorley,E12000002,North West,E92000001,England
E07000119,-2.91914,53.79709,165.566362876831,Fylde,E12000002,North West,E92000001,England
E07000120,-2.38964,53.75648,73.0125380722198,Hyndburn,E12000002,North West,E92000001,England
E07000121,-2.6603,54.07901,566.747112419739,Lancaster,E12000002,North West,E92000001,England
E07000122,-2.18957,53.88636,169.369961863998,Pendle,E12000002,North West,E92000001,England
E07000123,-2.71809,53.82202,142.28815524086,Preston,E12000002,North West,E92000001,England
E07000124,-2.4174,53.9245,584.442947384659,Ribble Valley,E12000002,North West,E92000001,England
E07000125,-2.26149,53.68478,138.023077896759,Rossendale,E12000002,North West,E92000001,England
E07000126,-2.72871,53.72675,113.088682200882,South Ribble,E12000002,North West,E92000001,England
E07000127,-2.86893,53.61283,346.502802646538,West Lancashire,E12000002,North West,E92000001,England
E07000128,-2.80359,53.89991,282.048927196991,Wyre,E12000002,North West,E92000001,England
E07000129,-1.19887,52.57706,130.476234387962,Blaby,E12000004,East Midlands,E92000001,England
E07000130,-1.13694,52.7399,279.022354608215,Charnwood,E12000004,East Midlands,E92000001,England
E07000131,-0.90229,52.53766,592.728077451286,Harborough,E12000004,East Midlands,E92000001,England
E07000132,-1.41755,52.60877,297.357188111755,Hinckley and Bosworth,E12000004,East Midlands,E92000001,England
E07000133,-0.8544,52.80329,481.364551025803,Melton,E12000004,East Midlands,E92000001,England
E07000134,-1.42209,52.7425,279.328062130035,North West Leicestershire,E12000004,East Midlands,E92000001,England
E07000135,-1.093,52.58875,23.5172563746338,Oadby and Wigston,E12000004,East Midlands,E92000001,England
E07000136,-0.11218,52.97794,363.498488270523,Boston,E12000004,East Midlands,E92000001,England
E07000137,0.020516,53.26446,1766.5803924355,East Lindsey,E12000004,East Midlands,E92000001,England
E07000138,-0.55848,53.21921,35.6509069807739,Lincoln,E12000004,East Midlands,E92000001,England
E07000139,-0.4767,53.08058,922.440524125153,North Kesteven,E12000004,East Midlands,E92000001,England
E07000140,-0.03057,52.78758,749.572440554947,South Holland,E12000004,East Midlands,E92000001,England
E07000141,-0.49565,52.84885,942.602124015976,South Kesteven,E12000004,East Midlands,E92000001,England
E07000142,-0.50774,53.40044,1155.67645339552,West Lindsey,E12000004,East Midlands,E92000001,England
E07000143,0.818716,52.59421,1305.12143830611,Breckland,E12000006,East of England,E92000001,England
E07000144,1.252317,52.69622,551.98833593605,Broadland,E12000006,East of England,E92000001,England
E07000145,1.64951,52.68439,174.236722559219,Great Yarmouth,E12000006,East of England,E92000001,England
E07000146,0.533243,52.71283,1439.03232917819,King's Lynn and West Norfolk,E12000006,East of England,E92000001,England
E07000147,1.132099,52.83389,967.131131309906,North Norfolk,E12000006,East of England,E92000001,England
E07000148,1.284979,52.64013,39.0832717203979,Norwich,E12000006,East of England,E92000001,England
E07000149,1.373233,52.51218,907.496408329254,South Norfolk,E12000006,East of England,E92000001,England
E07000163,-2.16168,54.05376,1178.93131217836,Craven,E12000003,Yorkshire and The Humber,E92000001,England
E07000164,-1.34049,54.30872,1311.23547424028,Hambleton,E12000003,Yorkshire and The Humber,E92000001,England
E07000165,-1.58161,54.07708,1309.04707850813,Harrogate,E12000003,Yorkshire and The Humber,E92000001,England
E07000166,-1.98552,54.35761,1318.70219100594,Richmondshire,E12000003,Yorkshire and The Humber,E92000001,England
E07000167,-0.84277,54.20021,1506.64417926918,Ryedale,E12000003,Yorkshire and The Humber,E92000001,England
E07000168,-0.52778,54.3465,816.283277514221,Scarborough,E12000003,Yorkshire and The Humber,E92000001,England
E07000169,-1.12908,53.73327,599.305172341629,Selby,E12000003,Yorkshire and The Humber,E92000001,England
E07000170,-1.25422,53.09747,109.56175105336,Ashfield,E12000004,East Midlands,E92000001,England
E07000171,-0.9787,53.35604,637.844751382446,Bassetlaw,E12000004,East Midlands,E92000001,England
E07000172,-1.25944,52.9721,80.1419843651886,Broxtowe,E12000004,East Midlands,E92000001,England
E07000173,-1.11907,53.02434,119.962352901001,Gedling,E12000004,East Midlands,E92000001,England
E07000174,-1.17804,53.16703,76.667449026886,Mansfield,E12000004,East Midlands,E92000001,England
E07000175,-0.94643,53.1096,651.370073598373,Newark and Sherwood,E12000004,East Midlands,E92000001,England
E07000176,-1.01097,52.9124,409.237165070175,Rushcliffe,E12000004,East Midlands,E92000001,England
E07000177,-1.28506,51.8872,588.708157772804,Cherwell,E12000008,South East,E92000001,England
E07000178,-1.24405,51.75357,45.6275497116013,Oxford,E12000008,South East,E92000001,England
E07000179,-1.07847,51.62288,678.408429740326,South Oxfordshire,E12000008,South East,E92000001,England
E07000180,-1.48543,51.65443,578.703409824921,Vale of White Horse,E12000008,South East,E92000001,England
E07000181,-1.50292,51.8399,714.423757575661,West Oxfordshire,E12000008,South East,E92000001,England
E07000187,-2.54178,51.19476,739.393243249989,Mendip,E12000009,South West,E92000001,England
E07000188,-2.88246,51.19186,564.237031150406,Sedgemoor,E12000009,South West,E92000001,England
E07000189,-2.77588,50.98399,959.011857363087,South Somerset,E12000009,South West,E92000001,England
E07000192,-1.98277,52.70166,78.8930449708939,Cannock Chase,E12000005,West Midlands,E92000001,England
E07000193,-1.81438,52.83651,389.989667501762,East Staffordshire,E12000005,West Midlands,E92000001,England
E07000194,-1.76049,52.69615,331.249730765907,Lichfield,E12000005,West Midlands,E92000001,England
E07000195,-2.32631,53.00345,210.970674624611,Newcastle-under-Lyme,E12000005,West Midlands,E92000001,England
E07000196,-2.15495,52.69692,407.322540068932,South Staffordshire,E12000005,West Midlands,E92000001,England
E07000197,-2.16475,52.84792,598.191871058464,Stafford,E12000005,West Midlands,E92000001,England
E07000198,-1.99334,53.06924,575.824953478516,Staffordshire Moorlands,E12000005,West Midlands,E92000001,England
E07000199,-1.68451,52.62031,30.8612867782135,Tamworth,E12000005,West Midlands,E92000001,England
E07000200,0.916149,52.0645,595.120560631805,Babergh,E12000006,East of England,E92000001,England
E07000202,1.166145,52.05592,39.5142530467682,Ipswich,E12000006,East of England,E92000001,England
E07000203,1.096953,52.21859,871.028740129242,Mid Suffolk,E12000006,East of England,E92000001,England
E07000207,-0.39441,51.36098,96.2979387613602,Elmbridge,E12000008,South East,E92000001,England
E07000208,-0.26172,51.33945,34.1190362570572,Epsom and Ewell,E12000008,South East,E92000001,England
E07000209,-0.56257,51.25366,270.993285742188,Guildford,E12000008,South East,E92000001,England
E07000210,-0.30603,51.22749,258.300166461006,Mole Valley,E12000008,South East,E92000001,England
E07000211,-0.19871,51.25846,129.129948288345,Reigate and Banstead,E12000008,South East,E92000001,England
E07000212,-0.53855,51.39273,78.0517903862457,Runnymede,E12000008,South East,E92000001,England
E07000213,-0.46254,51.41552,51.1667913534241,Spelthorne,E12000008,South East,E92000001,England
E07000214,-0.68986,51.3361,95.1043276773453,Surrey Heath,E12000008,South East,E92000001,England
E07000215,-0.04805,51.23581,248.194257340485,Tandridge,E12000008,South East,E92000001,England
E07000216,-0.62343,51.15686,345.198341713844,Waverley,E12000008,South East,E92000001,England
E07000217,-0.57982,51.30837,63.5552628897552,Woking,E12000008,South East,E92000001,England
E07000218,-1.6242,52.56484,284.263216688499,North Warwickshire,E12000005,West Midlands,E92000001,England
E07000219,-1.47965,52.50094,78.9749143981934,Nuneaton and Bedworth,E12000005,West Midlands,E92000001,England
E07000220,-1.31828,52.38228,353.521131533813,Rugby,E12000005,West Midlands,E92000001,England
E07000221,-1.63565,52.16154,977.88120974353,Stratford-on-Avon,E12000005,West Midlands,E92000001,England
E07000222,-1.58369,52.30142,282.87741092289,Warwick,E12000005,West Midlands,E92000001,England
E07000223,-0.32417,50.84572,42.1034800083313,Adur,E12000008,South East,E92000001,England
E07000224,-0.64999,50.84321,220.960340443733,Arun,E12000008,South East,E92000001,England
E07000225,-0.7163,50.94177,786.211680023571,Chichester,E12000008,South East,E92000001,England
E07000226,-0.19533,51.12357,44.9689002663193,Crawley,E12000008,South East,E92000001,England
E07000227,-0.38126,51.00272,530.238417537212,Horsham,E12000008,South East,E92000001,England
E07000228,-0.10272,51.05953,334.000302226944,Mid Sussex,E12000008,South East,E92000001,England
E07000229,-0.40127,50.8331,32.5158657685661,Worthing,E12000008,South East,E92000001,England
E07000234,-2.00376,52.36169,217.02440464695,Bromsgrove,E12000005,West Midlands,E92000001,England
E07000235,-2.33089,52.16758,577.089149545784,Malvern Hills,E12000005,West Midlands,E92000001,England
E07000236,-1.9471,52.28541,54.2662290936356,Redditch,E12000005,West Midlands,E92000001,England
E07000237,-2.21025,52.19482,33.2941469516983,Worcester,E12000005,West Midlands,E92000001,England
E07000238,-2.01614,52.12886,663.451081744408,Wychavon,E12000005,West Midlands,E92000001,England
E07000239,-2.23494,52.3853,195.421918626526,Wyre Forest,E12000005,West Midlands,E92000001,England
E07000240,-0.3407,51.77356,161.267075786026,St Albans,E12000006,East of England,E92000001,England
E07000241,-0.18518,51.76087,129.481543037354,Welwyn Hatfield,E12000006,East of England,E92000001,England
E07000242,0.002739,51.86485,475.708897363335,East Hertfordshire,E12000006,East of England,E92000001,England
E07000243,-0.18987,51.90539,25.9419600195923,Stevenage,E12000006,East of England,E92000001,England
E07000244,1.456186,52.24399,1260.80371007199,East Suffolk,E12000006,East of England,E92000001,England
E07000245,0.652769,52.30842,1034.72553246582,West Suffolk,E12000006,East of England,E92000001,England
E07000246,-3.35766,51.06348,1189.16932045251,Somerset West and Taunton,E12000009,South West,E92000001,England
E08000001,-2.47952,53.58449,139.798149519409,Bolton,E12000002,North West,E92000001,England
E08000002,-2.3088,53.5931,99.4631913815918,Bury,E12000002,North West,E92000001,England
E08000003,-2.23359,53.47009,115.606914084732,Manchester,E12000002,North West,E92000001,England
E08000004,-2.05274,53.55768,142.343444099838,Oldham,E12000002,North West,E92000001,England
E08000005,-2.14784,53.60741,158.161305947449,Rochdale,E12000002,North West,E92000001,England
E08000006,-2.38485,53.47927,97.1504995609283,Salford,E12000002,North West,E92000001,England
E08000007,-2.12467,53.39116,126.049317353714,Stockport,E12000002,North West,E92000001,England
E08000008,-2.077,53.47867,103.162089310165,Tameside,E12000002,North West,E92000001,England
E08000009,-2.36572,53.41671,106.016606922745,Trafford,E12000002,North West,E92000001,England
E08000010,-2.57247,53.51445,188.163768466141,Wigan,E12000002,North West,E92000001,England
E08000011,-2.83297,53.43788,86.5339109178848,Knowsley,E12000002,North West,E92000001,England
E08000012,-2.91364,53.4083,111.821725713913,Liverpool,E12000002,North West,E92000001,England
E08000013,-2.7031,53.45862,136.412478297577,St. Helens,E12000002,North West,E92000001,England
E08000014,-2.99177,53.4821,156.550335672951,Sefton,E12000002,North West,E92000001,England
E08000015,-3.06701,53.37478,160.871948233437,Wirral,E12000002,North West,E92000001,England
E08000016,-1.54925,53.52577,329.128878884766,Barnsley,E12000003,Yorkshire and The Humber,E92000001,England
E08000017,-1.10894,53.52697,568.021806712189,Doncaster,E12000003,Yorkshire and The Humber,E92000001,England
E08000018,-1.28651,53.39553,286.466689085205,Rotherham,E12000003,Yorkshire and The Humber,E92000001,England
E08000019,-1.54254,53.40358,367.85289978949,Sheffield,E12000003,Yorkshire and The Humber,E92000001,England
E08000021,-1.65297,55.021,113.42667692868,Newcastle upon Tyne,E12000001,North East,E92000001,England
E08000022,-1.50923,55.02896,82.2942713492126,North Tyneside,E12000001,North East,E92000001,England
E08000023,-1.44679,54.96988,64.4346069373169,South Tyneside,E12000001,North East,E92000001,England
E08000024,-1.43344,54.85719,137.390933312576,Sunderland,E12000001,North East,E92000001,England
E08000025,-1.88141,52.48404,267.777386362793,Birmingham,E12000005,West Midlands,E92000001,England
E08000026,-1.51908,52.41423,98.6240881915283,Coventry,E12000005,West Midlands,E92000001,England
E08000027,-2.10171,52.49513,97.9396185682602,Dudley,E12000005,West Midlands,E92000001,England
E08000028,-2.00771,52.51477,85.5886226174545,Sandwell,E12000005,West Midlands,E92000001,England
E08000029,-1.71558,52.431,178.28939188768,Solihull,E12000005,West Midlands,E92000001,England
E08000030,-1.97044,52.60503,103.989562694435,Walsall,E12000005,West Midlands,E92000001,England
E08000031,-2.12746,52.59788,69.4394650673599,Wolverhampton,E12000005,West Midlands,E92000001,England
E08000032,-1.87389,53.84382,366.393462768555,Bradford,E12000003,Yorkshire and The Humber,E92000001,England
E08000033,-1.96182,53.72048,363.994685962402,Calderdale,E12000003,Yorkshire and The Humber,E92000001,England
E08000034,-1.78085,53.64233,408.496914221252,Kirklees,E12000003,Yorkshire and The Humber,E92000001,England
E08000035,-1.50736,53.82273,551.786395121796,Leeds,E12000003,Yorkshire and The Humber,E92000001,England
E08000036,-1.42092,53.65922,338.612308789612,Wakefield,E12000003,Yorkshire and The Humber,E92000001,England
E08000037,-1.68694,54.93115,142.346410690704,Gateshead,E12000001,North East,E92000001,England
E09000001,-0.09351,51.51564,2.8847070378876,City of London,E12000007,London,E92000001,England
E09000002,0.129479,51.54555,36.0898694229507,Barking and Dagenham,E12000007,London,E92000001,England
E09000003,-0.21819,51.61107,86.8125209550781,Barnet,E12000007,London,E92000001,England
E09000004,0.146212,51.45822,60.5829548521576,Bexley,E12000007,London,E92000001,England
E09000005,-0.27568,51.56438,43.2150172394028,Brent,E12000007,London,E92000001,England
E09000006,0.039246,51.37266,150.13201185157,Bromley,E12000007,London,E92000001,England
E09000007,-0.16291,51.54305,21.7857749206848,Camden,E12000007,London,E92000001,England
E09000008,-0.07761,51.36597,86.5272536267776,Croydon,E12000007,London,E92000001,England
E09000009,-0.3141,51.52442,55.5329010158234,Ealing,E12000007,London,E92000001,England
E09000010,-0.08144,51.64889,82.1737226658173,Enfield,E12000007,London,E92000001,England
E09000011,0.050093,51.46394,47.2944004601974,Greenwich,E12000007,London,E92000001,England
E09000012,-0.06045,51.55492,19.0413627100601,Hackney,E12000007,London,E92000001,England
E09000013,-0.21735,51.48733,16.3958654048996,Hammersmith and Fulham,E12000007,London,E92000001,England
E09000014,-0.1067,51.58771,29.6066266883469,Haringey,E12000007,London,E92000001,England
E09000015,-0.33598,51.59467,50.4739873941193,Harrow,E12000007,London,E92000001,England
E09000016,0.235368,51.56519,112.342337244621,Havering,E12000007,London,E92000001,England
E09000017,-0.44182,51.53664,115.730613285591,Hillingdon,E12000007,London,E92000001,England
E09000018,-0.37855,51.46238,55.9433277939529,Hounslow,E12000007,London,E92000001,England
E09000019,-0.10989,51.54546,14.8550808005524,Islington,E12000007,London,E92000001,England
E09000020,-0.18977,51.49648,12.1439813651047,Kensington and Chelsea,E12000007,London,E92000001,England
E09000021,-0.28367,51.39296,37.2680595399094,Kingston upon Thames,E12000007,London,E92000001,England
E09000022,-0.11385,51.46445,26.7925967167282,Lambeth,E12000007,London,E92000001,England
E09000023,-0.01734,51.4423,35.1822611647873,Lewisham,E12000007,London,E92000001,England
E09000024,-0.18868,51.41058,37.6272072965851,Merton,E12000007,London,E92000001,England
E09000025,0.027261,51.53149,36.1934726548615,Newham,E12000007,London,E92000001,England
E09000026,0.070085,51.58588,56.3806100039978,Redbridge,E12000007,London,E92000001,England
E09000027,-0.28914,51.44035,57.3340126251984,Richmond upon Thames,E12000007,London,E92000001,England
E09000028,-0.07308,51.46594,28.8502079979477,Southwark,E12000007,London,E92000001,England
E09000029,-0.17226,51.35755,43.8450794494171,Sutton,E12000007,London,E92000001,England
E09000030,-0.03647,51.51554,19.7651450947418,Tower Hamlets,E12000007,London,E92000001,England
E09000031,-0.0188,51.59461,38.8385854865341,Waltham Forest,E12000007,London,E92000001,England
E09000032,-0.20021,51.4524,34.2614906182861,Wandsworth,E12000007,London,E92000001,England
E09000033,-0.15295,51.51221,21.4563218346939,Westminster,E12000007,London,E92000001,England
W06000001,-4.32298,53.27931,715.159890554802,Isle of Anglesey,,,W92000004,Wales
W06000002,-3.77715,52.89883,2548.40168127432,Gwynedd,,,W92000004,Wales
W06000003,-3.74646,53.14739,1130.29285429797,Conwy,,,W92000004,Wales
W06000004,-3.34761,53.08833,838.733708089432,Denbighshire,,,W92000004,Wales
W06000005,-3.18248,53.21471,439.740000927986,Flintshire,,,W92000004,Wales
W06000006,-2.99203,53.00167,503.684318663422,Wrexham,,,W92000004,Wales
W06000008,-3.94993,52.29795,1788.28305988192,Ceredigion,,,W92000004,Wales
W06000009,-4.90818,51.85513,1618.11095472271,Pembrokeshire,,,W92000004,Wales
W06000010,-4.2111,51.89495,2371.03295732521,Carmarthenshire,,,W92000004,Wales
W06000011,-3.96723,51.65806,377.53915742181,Swansea,,,W92000004,Wales
W06000012,-3.74638,51.6445,442.232357277447,Neath Port Talbot,,,W92000004,Wales
W06000013,-3.61375,51.5606,250.840881333748,Bridgend,,,W92000004,Wales
W06000014,-3.39801,51.44836,331.272439190769,Vale of Glamorgan,,,W92000004,Wales
W06000015,-3.22209,51.50254,142.359928389256,Cardiff,,,W92000004,Wales
W06000016,-3.41359,51.62185,424.1341870298,Rhondda Cynon Taf,,,W92000004,Wales
W06000018,-3.19753,51.65001,277.352303206162,Caerphilly,,,W92000004,Wales
W06000019,-3.18592,51.75364,108.725540681915,Blaenau Gwent,,,W92000004,Wales
W06000020,-3.05101,51.69836,126.223129768017,Torfaen,,,W92000004,Wales
W06000021,-2.9028,51.77827,850.337006391602,Monmouthshire,,,W92000004,Wales
W06000022,-2.89769,51.58231,190.445743026707,Newport,,,W92000004,Wales
W06000023,-3.43531,52.34864,5195.4172472797,Powys,,,W92000004,Wales
W06000024,-3.36425,51.74858,111.930293773514,Merthyr Tydfil,,,W92000004,Wales
