LAD,LADn,UTLA,UTLAn,RGN,RGNn,CTRY,CTRYn,x_lon,y_lat,area
E06000015,Derby,E06000015,Derby,E12000004,East Midlands,E92000001,England,-1.47189,52.91464,78.0222661156921
E07000032,Amber Valley,E10000007,Derbyshire,E12000004,East Midlands,E92000001,England,-1.46219,53.02884,265.411700613861
E07000033,Bolsover,E10000007,Derbyshire,E12000004,East Midlands,E92000001,England,-1.27228,53.23875,160.346236211639
E07000034,Chesterfield,E10000007,Derbyshire,E12000004,East Midlands,E92000001,England,-1.40115,53.25575,66.0255063756561
E07000035,Derbyshire Dales,E10000007,Derbyshire,E12000004,East Midlands,E92000001,England,-1.70711,53.12326,795.432888864449
E07000036,Erewash,E10000007,Derbyshire,E12000004,East Midlands,E92000001,England,-1.3509,52.9382,109.630993976608
E07000037,High Peak,E10000007,Derbyshire,E12000004,East Midlands,E92000001,England,-1.84398,53.38569,540.226457258606
E07000038,North East Derbyshire,E10000007,Derbyshire,E12000004,East Midlands,E92000001,England,-1.44253,53.16243,275.66441394783
E07000039,South Derbyshire,E10000007,Derbyshire,E12000004,East Midlands,E92000001,England,-1.5348,52.8249,338.093721023193
E06000016,Leicester,E06000016,Leicester,E12000004,East Midlands,E92000001,England,-1.1304,52.63592,73.3765443447113
E07000129,Blaby,E10000018,Leicestershire,E12000004,East Midlands,E92000001,England,-1.19887,52.57706,130.476234387962
E07000130,Charnwood,E10000018,Leicestershire,E12000004,East Midlands,E92000001,England,-1.13694,52.7399,279.022354608215
E07000131,Harborough,E10000018,Leicestershire,E12000004,East Midlands,E92000001,England,-0.90229,52.53766,592.728077451286
E07000132,Hinckley and Bosworth,E10000018,Leicestershire,E12000004,East Midlands,E92000001,England,-1.41755,52.60877,297.357188111755
E07000133,Melton,E10000018,Leicestershire,E12000004,East Midlands,E92000001,England,-0.8544,52.80329,481.364551025803
E07000134,North West Leicestershire,E10000018,Leicestershire,E12000004,East Midlands,E92000001,England,-1.42209,52.7425,279.328062130035
E07000135,Oadby and Wigston,E10000018,Leicestershire,E12000004,East Midlands,E92000001,England,-1.093,52.58875,23.5172563746338
E07000136,Boston,E10000019,Lincolnshire,E12000004,East Midlands,E92000001,England,-0.11218,52.97794,363.498488270523
E07000137,East Lindsey,E10000019,Lincolnshire,E12000004,East Midlands,E92000001,England,0.020516,53.26446,1766.5803924355
E07000138,Lincoln,E10000019,Lincolnshire,E12000004,East Midlands,E92000001,England,-0.55848,53.21921,35.6509069807739
E07000139,North Kesteven,E10000019,Lincolnshire,E12000004,East Midlands,E92000001,England,-0.4767,53.08058,922.440524125153
E07000140,South Holland,E10000019,Lincolnshire,E12000004,East Midlands,E92000001,England,-0.03057,52.78758,749.572440554947
E07000141,South Kesteven,E10000019,Lincolnshire,E12000004,East Midlands,E92000001,England,-0.49565,52.84885,942.602124015976
E07000142,West Lindsey,E10000019,Lincolnshire,E12000004,East Midlands,E92000001,England,-0.50774,53.40044,1155.67645339552
E06000061,North Northamptonshire,E06000061,North Northamptonshire,E12000004,East Midlands,E92000001,England,-0.62504,52.42546,986.593271768242
E06000018,Nottingham,E06000018,Nottingham,E12000004,East Midlands,E92000001,England,-1.16667,52.95419,74.600645987915
E07000170,Ashfield,E10000024,Nottinghamshire,E12000004,East Midlands,E92000001,England,-1.25422,53.09747,109.56175105336
E07000171,Bassetlaw,E10000024,Nottinghamshire,E12000004,East Midlands,E92000001,England,-0.9787,53.35604,637.844751382446
E07000172,Broxtowe,E10000024,Nottinghamshire,E12000004,East Midlands,E92000001,England,-1.25944,52.9721,80.1419843651886
E07000173,Gedling,E10000024,Nottinghamshire,E12000004,East Midlands,E92000001,England,-1.11907,53.02434,119.962352901001
E07000174,Mansfield,E10000024,Nottinghamshire,E12000004,East Midlands,E92000001,England,-1.17804,53.16703,76.667449026886
E07000175,Newark and Sherwood,E10000024,Nottinghamshire,E12000004,East Midlands,E92000001,England,-0.94643,53.1096,651.370073598373
E07000176,Rushcliffe,E10000024,Nottinghamshire,E12000004,East Midlands,E92000001,England,-1.01097,52.9124,409.237165070175
E06000017,Rutland,E06000017,Rutland,E12000004,East Midlands,E92000001,England,-0.6263,52.66765,393.739393103317
E06000062,West Northamptonshire,E06000062,West Northamptonshire,E12000004,East Midlands,E92000001,England,-1.01682,52.26898,1380.42926525142
E06000055,Bedford,E06000055,Bedford,E12000006,East of England,E92000001,England,-0.45463,52.19628,476.377908909637
E07000008,Cambridge,E10000003,Cambridgeshire,E12000006,East of England,E92000001,England,0.126436,52.20017,40.710821341156
E07000009,East Cambridgeshire,E10000003,Cambridgeshire,E12000006,East of England,E92000001,England,0.283149,52.35788,651.262201929535
E07000010,Fenland,E10000003,Cambridgeshire,E12000006,East of England,E92000001,England,0.009016,52.53544,546.492599468903
E07000011,Huntingdonshire,E10000003,Cambridgeshire,E12000006,East of England,E92000001,England,-0.2247,52.35315,912.559639881676
E07000012,South Cambridgeshire,E10000003,Cambridgeshire,E12000006,East of England,E92000001,England,0.091017,52.10805,901.686105993103
E06000056,Central Bedfordshire,E06000056,Central Bedfordshire,E12000006,East of England,E92000001,England,-0.47754,51.99903,715.573724117798
E07000066,Basildon,E10000012,Essex,E12000006,East of England,E92000001,England,0.475055,51.59036,109.963809147903
E07000067,Braintree,E10000012,Essex,E12000006,East of England,E92000001,England,0.575911,51.91634,611.703285087021
E07000068,Brentwood,E10000012,Essex,E12000006,East of England,E92000001,England,0.290091,51.64108,153.140699968689
E07000069,Castle Point,E10000012,Essex,E12000006,East of England,E92000001,England,0.588084,51.56159,44.5219934365692
E07000070,Chelmsford,E10000012,Essex,E12000006,East of England,E92000001,England,0.491177,51.73503,342.222608309723
E07000071,Colchester,E10000012,Essex,E12000006,East of England,E92000001,England,0.859777,51.87702,332.121301945557
E07000072,Epping Forest,E10000012,Essex,E12000006,East of England,E92000001,England,0.154147,51.71279,338.971088450127
E07000073,Harlow,E10000012,Essex,E12000006,East of England,E92000001,England,0.103888,51.76614,30.5302039901733
E07000074,Maldon,E10000012,Essex,E12000006,East of England,E92000001,England,0.773106,51.77458,357.497644031723
E07000075,Rochford,E10000012,Essex,E12000006,East of England,E92000001,England,0.683442,51.5909,166.904493809464
E07000076,Tendring,E10000012,Essex,E12000006,East of England,E92000001,England,1.108981,51.85674,336.195712932793
E07000077,Uttlesford,E10000012,Essex,E12000006,East of England,E92000001,England,0.294485,51.93592,641.116042483047
E07000095,Broxbourne,E10000015,Hertfordshire,E12000006,East of England,E92000001,England,-0.05073,51.7208,51.4596222493668
E07000096,Dacorum,E10000015,Hertfordshire,E12000006,East of England,E92000001,England,-0.55098,51.76845,212.439075957176
E07000242,East Hertfordshire,E10000015,Hertfordshire,E12000006,East of England,E92000001,England,0.002739,51.86485,475.708897363335
E07000098,Hertsmere,E10000015,Hertfordshire,E12000006,East of England,E92000001,England,-0.26899,51.68017,101.112582739204
E07000099,North Hertfordshire,E10000015,Hertfordshire,E12000006,East of England,E92000001,England,-0.22314,51.95738,375.374474341637
E07000240,St Albans,E10000015,Hertfordshire,E12000006,East of England,E92000001,England,-0.3407,51.77356,161.267075786026
E07000243,Stevenage,E10000015,Hertfordshire,E12000006,East of England,E92000001,England,-0.18987,51.90539,25.9419600195923
E07000102,Three Rivers,E10000015,Hertfordshire,E12000006,East of England,E92000001,England,-0.45005,51.65632,88.8052867943268
E07000103,Watford,E10000015,Hertfordshire,E12000006,East of England,E92000001,England,-0.40429,51.6717,21.4036764801941
E07000241,Welwyn Hatfield,E10000015,Hertfordshire,E12000006,East of England,E92000001,England,-0.18518,51.76087,129.481543037354
E06000032,Luton,E06000032,Luton,E12000006,East of England,E92000001,England,-0.42319,51.89102,43.3590401051331
E07000143,Breckland,E10000020,Norfolk,E12000006,East of England,E92000001,England,0.818716,52.59421,1305.12143830611
E07000144,Broadland,E10000020,Norfolk,E12000006,East of England,E92000001,England,1.252317,52.69622,551.98833593605
E07000145,Great Yarmouth,E10000020,Norfolk,E12000006,East of England,E92000001,England,1.64951,52.68439,174.236722559219
E07000146,King's Lynn and West Norfolk,E10000020,Norfolk,E12000006,East of England,E92000001,England,0.533243,52.71283,1439.03232917819
E07000147,North Norfolk,E10000020,Norfolk,E12000006,East of England,E92000001,England,1.132099,52.83389,967.131131309906
E07000148,Norwich,E10000020,Norfolk,E12000006,East of England,E92000001,England,1.284979,52.64013,39.0832717203979
E07000149,South Norfolk,E10000020,Norfolk,E12000006,East of England,E92000001,England,1.373233,52.51218,907.496408329254
E06000031,Peterborough,E06000031,Peterborough,E12000006,East of England,E92000001,England,-0.26874,52.59214,343.411218508179
E06000033,Southend-on-Sea,E06000033,Southend-on-Sea,E12000006,East of England,E92000001,England,0.706923,51.54917,41.6590181041031
E07000200,Babergh,E10000029,Suffolk,E12000006,East of England,E92000001,England,0.916149,52.0645,595.120560631805
E07000244,East Suffolk,E10000029,Suffolk,E12000006,East of England,E92000001,England,1.456186,52.24399,1260.80371007199
E07000202,Ipswich,E10000029,Suffolk,E12000006,East of England,E92000001,England,1.166145,52.05592,39.5142530467682
E07000203,Mid Suffolk,E10000029,Suffolk,E12000006,East of England,E92000001,England,1.096953,52.21859,871.028740129242
E07000245,West Suffolk,E10000029,Suffolk,E12000006,East of England,E92000001,England,0.652769,52.30842,1034.72553246582
E06000034,Thurrock,E06000034,Thurrock,E12000006,East of England,E92000001,England,0.334861,51.50998,163.771440663017
E09000007,Camden,E13000001,Inner London,E12000007,London,E92000001,England,-0.16291,51.54305,21.7857749206848
E09000001,City of London,E13000001,Inner London,E12000007,London,E92000001,England,-0.09351,51.51564,2.8847070378876
E09000012,Hackney,E13000001,Inner London,E12000007,London,E92000001,England,-0.06045,51.55492,19.0413627100601
E09000013,Hammersmith and Fulham,E13000001,Inner London,E12000007,London,E92000001,England,-0.21735,51.48733,16.3958654048996
E09000014,Haringey,E13000001,Inner London,E12000007,London,E92000001,England,-0.1067,51.58771,29.6066266883469
E09000019,Islington,E13000001,Inner London,E12000007,London,E92000001,England,-0.10989,51.54546,14.8550808005524
E09000020,Kensington and Chelsea,E13000001,Inner London,E12000007,London,E92000001,England,-0.18977,51.49648,12.1439813651047
E09000022,Lambeth,E13000001,Inner London,E12000007,London,E92000001,England,-0.11385,51.46445,26.7925967167282
E09000023,Lewisham,E13000001,Inner London,E12000007,London,E92000001,England,-0.01734,51.4423,35.1822611647873
E09000025,Newham,E13000001,Inner London,E12000007,London,E92000001,England,0.027261,51.53149,36.1934726548615
E09000028,Southwark,E13000001,Inner London,E12000007,London,E92000001,England,-0.07308,51.46594,28.8502079979477
E09000030,Tower Hamlets,E13000001,Inner London,E12000007,London,E92000001,England,-0.03647,51.51554,19.7651450947418
E09000032,Wandsworth,E13000001,Inner London,E12000007,London,E92000001,England,-0.20021,51.4524,34.2614906182861
E09000033,Westminster,E13000001,Inner London,E12000007,London,E92000001,England,-0.15295,51.51221,21.4563218346939
E09000002,Barking and Dagenham,E13000002,Outer London,E12000007,London,E92000001,England,0.129479,51.54555,36.0898694229507
E09000003,Barnet,E13000002,Outer London,E12000007,London,E92000001,England,-0.21819,51.61107,86.8125209550781
E09000004,Bexley,E13000002,Outer London,E12000007,London,E92000001,England,0.146212,51.45822,60.5829548521576
E09000005,Brent,E13000002,Outer London,E12000007,London,E92000001,England,-0.27568,51.56438,43.2150172394028
E09000006,Bromley,E13000002,Outer London,E12000007,London,E92000001,England,0.039246,51.37266,150.13201185157
E09000008,Croydon,E13000002,Outer London,E12000007,London,E92000001,England,-0.07761,51.36597,86.5272536267776
E09000009,Ealing,E13000002,Outer London,E12000007,London,E92000001,England,-0.3141,51.52442,55.5329010158234
E09000010,Enfield,E13000002,Outer London,E12000007,London,E92000001,England,-0.08144,51.64889,82.1737226658173
E09000011,Greenwich,E13000002,Outer London,E12000007,London,E92000001,England,0.050093,51.46394,47.2944004601974
E09000015,Harrow,E13000002,Outer London,E12000007,London,E92000001,England,-0.33598,51.59467,50.4739873941193
E09000016,Havering,E13000002,Outer London,E12000007,London,E92000001,England,0.235368,51.56519,112.342337244621
E09000017,Hillingdon,E13000002,Outer London,E12000007,London,E92000001,England,-0.44182,51.53664,115.730613285591
E09000018,Hounslow,E13000002,Outer London,E12000007,London,E92000001,England,-0.37855,51.46238,55.9433277939529
E09000021,Kingston upon Thames,E13000002,Outer London,E12000007,London,E92000001,England,-0.28367,51.39296,37.2680595399094
E09000024,Merton,E13000002,Outer London,E12000007,London,E92000001,England,-0.18868,51.41058,37.6272072965851
E09000026,Redbridge,E13000002,Outer London,E12000007,London,E92000001,England,0.070085,51.58588,56.3806100039978
E09000027,Richmond upon Thames,E13000002,Outer London,E12000007,London,E92000001,England,-0.28914,51.44035,57.3340126251984
E09000029,Sutton,E13000002,Outer London,E12000007,London,E92000001,England,-0.17226,51.35755,43.8450794494171
E09000031,Waltham Forest,E13000002,Outer London,E12000007,London,E92000001,England,-0.0188,51.59461,38.8385854865341
E06000047,County Durham,E06000047,County Durham,E12000001,North East,E92000001,England,-1.8405,54.68513,2231.48281168639
E06000005,Darlington,E06000005,Darlington,E12000001,North East,E92000001,England,-1.56835,54.53534,197.489020458939
E06000001,Hartlepool,E06000001,Hartlepool,E12000001,North East,E92000001,England,-1.27018,54.67614,93.7714950441284
E06000002,Middlesbrough,E06000002,Middlesbrough,E12000001,North East,E92000001,England,-1.21099,54.54467,53.8585692194977
E06000057,Northumberland,E06000057,Northumberland,E12000001,North East,E92000001,England,-2.07523,55.30037,5032.36927829161
E06000003,Redcar and Cleveland,E06000003,Redcar and Cleveland,E12000001,North East,E92000001,England,-1.00608,54.56752,245.142931583923
E06000004,Stockton-on-Tees,E06000004,Stockton-on-Tees,E12000001,North East,E92000001,England,-1.30664,54.55691,204.902304359161
E08000037,Gateshead,E11000007,Tyne and Wear,E12000001,North East,E92000001,England,-1.68694,54.93115,142.346410690704
E08000021,Newcastle upon Tyne,E11000007,Tyne and Wear,E12000001,North East,E92000001,England,-1.65297,55.021,113.42667692868
E08000022,North Tyneside,E11000007,Tyne and Wear,E12000001,North East,E92000001,England,-1.50923,55.02896,82.2942713492126
E08000023,South Tyneside,E11000007,Tyne and Wear,E12000001,North East,E92000001,England,-1.44679,54.96988,64.4346069373169
E08000024,Sunderland,E11000007,Tyne and Wear,E12000001,North East,E92000001,England,-1.43344,54.85719,137.390933312576
E06000008,Blackburn with Darwen,E06000008,Blackburn with Darwen,E12000002,North West,E92000001,England,-2.4636,53.7008,137.059783632843
E06000009,Blackpool,E06000009,Blackpool,E12000002,North West,E92000001,England,-3.02199,53.82164,34.867951984726
E06000049,Cheshire East,E06000049,Cheshire East,E12000002,North West,E92000001,England,-2.29299,53.16793,1166.353434744
E06000050,Cheshire West and Chester,E06000050,Cheshire West and Chester,E12000002,North West,E92000001,England,-2.70298,53.16336,919.961107663628
E07000026,Allerdale,E10000006,Cumbria,E12000002,North West,E92000001,England,-3.2809,54.68524,1258.2176713884
E07000027,Barrow-in-Furness,E10000006,Cumbria,E12000002,North West,E92000001,England,-3.1999,54.15731,77.8238662138977
E07000028,Carlisle,E10000006,Cumbria,E12000002,North West,E92000001,England,-2.80498,54.97833,1038.2562172758
E07000029,Copeland,E10000006,Cumbria,E12000002,North West,E92000001,England,-3.37664,54.46617,737.546989925186
E07000030,Eden,E10000006,Cumbria,E12000002,North West,E92000001,England,-2.62678,54.63107,2156.52219011345
E07000031,South Lakeland,E10000006,Cumbria,E12000002,North West,E92000001,England,-2.78108,54.29908,1554.78522704135
E08000001,Bolton,E11000001,Greater Manchester,E12000002,North West,E92000001,England,-2.47952,53.58449,139.798149519409
E08000002,Bury,E11000001,Greater Manchester,E12000002,North West,E92000001,England,-2.3088,53.5931,99.4631913815918
E08000003,Manchester,E11000001,Greater Manchester,E12000002,North West,E92000001,England,-2.23359,53.47009,115.606914084732
E08000004,Oldham,E11000001,Greater Manchester,E12000002,North West,E92000001,England,-2.05274,53.55768,142.343444099838
E08000005,Rochdale,E11000001,Greater Manchester,E12000002,North West,E92000001,England,-2.14784,53.60741,158.161305947449
E08000006,Salford,E11000001,Greater Manchester,E12000002,North West,E92000001,England,-2.38485,53.47927,97.1504995609283
E08000007,Stockport,E11000001,Greater Manchester,E12000002,North West,E92000001,England,-2.12467,53.39116,126.049317353714
E08000008,Tameside,E11000001,Greater Manchester,E12000002,North West,E92000001,England,-2.077,53.47867,103.162089310165
E08000009,Trafford,E11000001,Greater Manchester,E12000002,North West,E92000001,England,-2.36572,53.41671,106.016606922745
E08000010,Wigan,E11000001,Greater Manchester,E12000002,North West,E92000001,England,-2.57247,53.51445,188.163768466141
E06000006,Halton,E06000006,Halton,E12000002,North West,E92000001,England,-2.68853,53.33424,79.0786659383621
E07000117,Burnley,E10000017,Lancashire,E12000002,North West,E92000001,England,-2.2308,53.77406,110.690658609131
E07000118,Chorley,E10000017,Lancashire,E12000002,North West,E92000001,England,-2.61921,53.6724,202.676676149292
E07000119,Fylde,E10000017,Lancashire,E12000002,North West,E92000001,England,-2.91914,53.79709,165.566362876831
E07000120,Hyndburn,E10000017,Lancashire,E12000002,North West,E92000001,England,-2.38964,53.75648,73.0125380722198
E07000121,Lancaster,E10000017,Lancashire,E12000002,North West,E92000001,England,-2.6603,54.07901,566.747112419739
E07000122,Pendle,E10000017,Lancashire,E12000002,North West,E92000001,England,-2.18957,53.88636,169.369961863998
E07000123,Preston,E10000017,Lancashire,E12000002,North West,E92000001,England,-2.71809,53.82202,142.28815524086
E07000124,Ribble Valley,E10000017,Lancashire,E12000002,North West,E92000001,England,-2.4174,53.9245,584.442947384659
E07000125,Rossendale,E10000017,Lancashire,E12000002,North West,E92000001,England,-2.26149,53.68478,138.023077896759
E07000126,South Ribble,E10000017,Lancashire,E12000002,North West,E92000001,England,-2.72871,53.72675,113.088682200882
E07000127,West Lancashire,E10000017,Lancashire,E12000002,North West,E92000001,England,-2.86893,53.61283,346.502802646538
E07000128,Wyre,E10000017,Lancashire,E12000002,North West,E92000001,England,-2.80359,53.89991,282.048927196991
E08000011,Knowsley,E11000002,Merseyside,E12000002,North West,E92000001,England,-2.83297,53.43788,86.5339109178848
E08000012,Liverpool,E11000002,Merseyside,E12000002,North West,E92000001,England,-2.91364,53.4083,111.821725713913
E08000014,Sefton,E11000002,Merseyside,E12000002,North West,E92000001,England,-2.99177,53.4821,156.550335672951
E08000013,St. Helens,E11000002,Merseyside,E12000002,North West,E92000001,England,-2.7031,53.45862,136.412478297577
E08000015,Wirral,E11000002,Merseyside,E12000002,North West,E92000001,England,-3.06701,53.37478,160.871948233437
E06000007,Warrington,E06000007,Warrington,E12000002,North West,E92000001,England,-2.56167,53.39163,180.622689413574
E06000036,Bracknell Forest,E06000036,Bracknell Forest,E12000008,South East,E92000001,England,-0.73363,51.4113,109.331486309494
E06000043,Brighton and Hove,E06000043,Brighton and Hove,E12000008,South East,E92000001,England,-0.15079,50.8465,82.8706687560081
E06000060,Buckinghamshire,E06000060,Buckinghamshire,E12000008,South East,E92000001,England,-0.80569,51.76966,1564.99592839693
E07000061,Eastbourne,E10000011,East Sussex,E12000008,South East,E92000001,England,0.258516,50.77387,44.1837880573769
E07000062,Hastings,E10000011,East Sussex,E12000008,South East,E92000001,England,0.578395,50.86724,29.8056115822334
E07000063,Lewes,E10000011,East Sussex,E12000008,South East,E92000001,England,0.007671,50.83341,292.137235986504
E07000064,Rother,E10000011,East Sussex,E12000008,South East,E92000001,England,0.542937,50.94871,511.805153501877
E07000065,Wealden,E10000011,East Sussex,E12000008,South East,E92000001,England,0.205156,50.93322,834.916118984734
E07000084,Basingstoke and Deane,E10000014,Hampshire,E12000008,South East,E92000001,England,-1.22021,51.25937,633.777186309971
E07000085,East Hampshire,E10000014,Hampshire,E12000008,South East,E92000001,England,-0.93971,51.05765,514.42655513097
E07000086,Eastleigh,E10000014,Hampshire,E12000008,South East,E92000001,England,-1.32943,50.94872,79.682414603302
E07000087,Fareham,E10000014,Hampshire,E12000008,South East,E92000001,England,-1.23742,50.85388,74.2824421062393
E07000088,Gosport,E10000014,Hampshire,E12000008,South East,E92000001,England,-1.16731,50.80636,25.3657748553772
E07000089,Hart,E10000014,Hampshire,E12000008,South East,E92000001,England,-0.88321,51.28197,215.260515299454
E07000090,Havant,E10000014,Hampshire,E12000008,South East,E92000001,England,-1.00398,50.87231,55.7297320084877
E07000091,New Forest,E10000014,Hampshire,E12000008,South East,E92000001,England,-1.59293,50.85748,752.033998990864
E07000092,Rushmoor,E10000014,Hampshire,E12000008,South East,E92000001,England,-0.76807,51.27815,39.050957337677
E07000093,Test Valley,E10000014,Hampshire,E12000008,South East,E92000001,England,-1.50214,51.13417,627.616080319244
E07000094,Winchester,E10000014,Hampshire,E12000008,South East,E92000001,England,-1.24393,51.03002,660.981481839672
E06000046,Isle of Wight,E06000046,Isle of Wight,E12000008,South East,E92000001,England,-1.33366,50.67129,379.683527057251
E07000105,Ashford,E10000016,Kent,E12000008,South East,E92000001,England,0.823374,51.13096,580.584670174248
E07000106,Canterbury,E10000016,Kent,E12000008,South East,E92000001,England,1.096342,51.28102,308.77572686644
E07000107,Dartford,E10000016,Kent,E12000008,South East,E92000001,England,0.245276,51.43373,72.7125642407379
E07000108,Dover,E10000016,Kent,E12000008,South East,E92000001,England,1.276887,51.21176,315.310828371513
E07000112,Folkestone and Hythe,E10000016,Kent,E12000008,South East,E92000001,England,1.000795,51.07213,356.98297704747
E07000109,Gravesham,E10000016,Kent,E12000008,South East,E92000001,England,0.398744,51.39649,99.0163801447601
E07000110,Maidstone,E10000016,Kent,E12000008,South East,E92000001,England,0.584061,51.23566,393.321347563377
E07000111,Sevenoaks,E10000016,Kent,E12000008,South East,E92000001,England,0.188936,51.27563,370.334305515968
E07000113,Swale,E10000016,Kent,E12000008,South East,E92000001,England,0.776893,51.32251,373.236389165291
E07000114,Thanet,E10000016,Kent,E12000008,South East,E92000001,England,1.328226,51.35252,103.597879617821
E07000115,Tonbridge and Malling,E10000016,Kent,E12000008,South East,E92000001,England,0.349306,51.26064,240.107934821121
E07000116,Tunbridge Wells,E10000016,Kent,E12000008,South East,E92000001,England,0.471632,51.10254,331.301992935707
E06000035,Medway,E06000035,Medway,E12000008,South East,E92000001,England,0.563174,51.44772,193.601538460953
E06000042,Milton Keynes,E06000042,Milton Keynes,E12000008,South East,E92000001,England,-0.7407,52.07241,308.649685371536
E07000177,Cherwell,E10000025,Oxfordshire,E12000008,South East,E92000001,England,-1.28506,51.8872,588.708157772804
E07000178,Oxford,E10000025,Oxfordshire,E12000008,South East,E92000001,England,-1.24405,51.75357,45.6275497116013
E07000179,South Oxfordshire,E10000025,Oxfordshire,E12000008,South East,E92000001,England,-1.07847,51.62288,678.408429740326
E07000180,Vale of White Horse,E10000025,Oxfordshire,E12000008,South East,E92000001,England,-1.48543,51.65443,578.703409824921
E07000181,West Oxfordshire,E10000025,Oxfordshire,E12000008,South East,E92000001,England,-1.50292,51.8399,714.423757575661
E06000044,Portsmouth,E06000044,Portsmouth,E12000008,South East,E92000001,England,-1.07006,50.808,40.3861499861794
E06000038,Reading,E06000038,Reading,E12000008,South East,E92000001,England,-0.99071,51.45302,40.3859751936646
E06000039,Slough,E06000039,Slough,E12000008,South East,E92000001,England,-0.57617,51.5035,32.5411411581726
E06000045,Southampton,E06000045,Southampton,E12000008,South East,E92000001,England,-1.39952,50.9212,49.856215283638
E07000207,Elmbridge,E10000030,Surrey,E12000008,South East,E92000001,England,-0.39441,51.36098,96.2979387613602
E07000208,Epsom and Ewell,E10000030,Surrey,E12000008,South East,E92000001,England,-0.26172,51.33945,34.1190362570572
E07000209,Guildford,E10000030,Surrey,E12000008,South East,E92000001,England,-0.56257,51.25366,270.993285742188
E07000210,Mole Valley,E10000030,Surrey,E12000008,South East,E92000001,England,-0.30603,51.22749,258.300166461006
E07000211,Reigate and Banstead,E10000030,Surrey,E12000008,South East,E92000001,England,-0.19871,51.25846,129.129948288345
E07000212,Runnymede,E10000030,Surrey,E12000008,South East,E92000001,England,-0.53855,51.39273,78.0517903862457
E07000213,Spelthorne,E10000030,Surrey,E12000008,South East,E92000001,England,-0.46254,51.41552,51.1667913534241
E07000214,Surrey Heath,E10000030,Surrey,E12000008,South East,E92000001,England,-0.68986,51.3361,95.1043276773453
E07000215,Tandridge,E10000030,Surrey,E12000008,South East,E92000001,England,-0.04805,51.23581,248.194257340485
E07000216,Waverley,E10000030,Surrey,E12000008,South East,E92000001,England,-0.62343,51.15686,345.198341713844
E07000217,Woking,E10000030,Surrey,E12000008,South East,E92000001,England,-0.57982,51.30837,63.5552628897552
E06000037,West Berkshire,E06000037,West Berkshire,E12000008,South East,E92000001,England,-1.27364,51.44559,704.170091708199
E07000223,Adur,E10000032,West Sussex,E12000008,South East,E92000001,England,-0.32417,50.84572,42.1034800083313
E07000224,Arun,E10000032,West Sussex,E12000008,South East,E92000001,England,-0.64999,50.84321,220.960340443733
E07000225,Chichester,E10000032,West Sussex,E12000008,South East,E92000001,England,-0.7163,50.94177,786.211680023571
E07000226,Crawley,E10000032,West Sussex,E12000008,South East,E92000001,England,-0.19533,51.12357,44.9689002663193
E07000227,Horsham,E10000032,West Sussex,E12000008,South East,E92000001,England,-0.38126,51.00272,530.238417537212
E07000228,Mid Sussex,E10000032,West Sussex,E12000008,South East,E92000001,England,-0.10272,51.05953,334.000302226944
E07000229,Worthing,E10000032,West Sussex,E12000008,South East,E92000001,England,-0.40127,50.8331,32.5158657685661
E06000040,Windsor and Maidenhead,E06000040,Windsor and Maidenhead,E12000008,South East,E92000001,England,-0.67541,51.48034,198.418678977585
E06000041,Wokingham,E06000041,Wokingham,E12000008,South East,E92000001,England,-0.89935,51.42296,178.974764762657
E06000022,Bath and North East Somerset,E06000022,Bath and North East Somerset,E12000009,South West,E92000001,England,-2.48654,51.35604,351.161960381393
E06000058,"Bournemouth, Christchurch and Poole",E06000058,"Bournemouth, Christchurch and Poole",E12000009,South West,E92000001,England,-1.84807,50.74609,162.072437492867
E06000023,"Bristol, City of",E06000023,"Bristol, City of",E12000009,South West,E92000001,England,-2.57742,51.47115,109.684921840687
E06000052,Cornwall,E06000052,Cornwall,E12000009,South West,E92000001,England,-4.64254,50.45022,3548.70177607075
E07000040,East Devon,E10000008,Devon,E12000009,South West,E92000001,England,-3.22359,50.7576,814.331314622229
E07000041,Exeter,E10000008,Devon,E12000009,South West,E92000001,England,-3.51368,50.71782,47.0494259051209
E07000042,Mid Devon,E10000008,Devon,E12000009,South West,E92000001,England,-3.59212,50.86882,912.827288768421
E07000043,North Devon,E10000008,Devon,E12000009,South West,E92000001,England,-3.92691,51.07621,1085.80216586374
E07000044,South Hams,E10000008,Devon,E12000009,South West,E92000001,England,-3.81996,50.37195,886.622777889554
E07000045,Teignbridge,E10000008,Devon,E12000009,South West,E92000001,England,-3.65289,50.60981,673.739532456953
E07000046,Torridge,E10000008,Devon,E12000009,South West,E92000001,England,-4.21728,50.90739,985.290591688801
E07000047,West Devon,E10000008,Devon,E12000009,South West,E92000001,England,-4.03361,50.66481,1161.05439474593
E06000059,Dorset,E06000059,Dorset,E12000009,South West,E92000001,England,-2.41467,50.79697,2490.99482260114
E07000078,Cheltenham,E10000013,Gloucestershire,E12000009,South West,E92000001,England,-2.07515,51.89861,46.5657477086334
E07000079,Cotswold,E10000013,Gloucestershire,E12000009,South West,E92000001,England,-1.97059,51.77255,1164.5402919432
E07000080,Forest of Dean,E10000013,Gloucestershire,E12000009,South West,E92000001,England,-2.47755,51.81249,525.924957905666
E07000081,Gloucester,E10000013,Gloucestershire,E12000009,South West,E92000001,England,-2.23263,51.84641,40.5463053806381
E07000082,Stroud,E10000013,Gloucestershire,E12000009,South West,E92000001,England,-2.30818,51.72001,460.616985042732
E07000083,Tewkesbury,E10000013,Gloucestershire,E12000009,South West,E92000001,England,-2.19998,51.93485,414.406209649506
E06000053,Isles of Scilly,E06000053,Isles of Scilly,E12000009,South West,E92000001,England,-6.30217,49.92332,16.3466885369222
E06000024,North Somerset,E06000024,North Somerset,E12000009,South West,E92000001,England,-2.75438,51.39706,374.650210144997
E06000026,Plymouth,E06000026,Plymouth,E12000009,South West,E92000001,England,-4.11297,50.40494,79.8416262805195
E07000187,Mendip,E10000027,Somerset,E12000009,South West,E92000001,England,-2.54178,51.19476,739.393243249989
E07000188,Sedgemoor,E10000027,Somerset,E12000009,South West,E92000001,England,-2.88246,51.19186,564.237031150406
E07000246,Somerset West and Taunton,E10000027,Somerset,E12000009,South West,E92000001,England,-3.35766,51.06348,1189.16932045251
E07000189,South Somerset,E10000027,Somerset,E12000009,South West,E92000001,England,-2.77588,50.98399,959.011857363087
E06000025,South Gloucestershire,E06000025,South Gloucestershire,E12000009,South West,E92000001,England,-2.46922,51.54673,497.027840981224
E06000030,Swindon,E06000030,Swindon,E12000009,South West,E92000001,England,-1.73367,51.57763,230.091397936996
E06000027,Torbay,E06000027,Torbay,E12000009,South West,E92000001,England,-3.55523,50.47092,62.9143100538454
E06000054,Wiltshire,E06000054,Wiltshire,E12000009,South West,E92000001,England,-1.92661,51.32883,3255.35962091747
E06000019,"Herefordshire, County of",E06000019,"Herefordshire, County of",E12000005,West Midlands,E92000001,England,-2.73931,52.08154,2179.66699772301
E06000051,Shropshire,E06000051,Shropshire,E12000005,West Midlands,E92000001,England,-2.73667,52.62212,3197.31326242727
E07000192,Cannock Chase,E10000028,Staffordshire,E12000005,West Midlands,E92000001,England,-1.98277,52.70166,78.8930449708939
E07000193,East Staffordshire,E10000028,Staffordshire,E12000005,West Midlands,E92000001,England,-1.81438,52.83651,389.989667501762
E07000194,Lichfield,E10000028,Staffordshire,E12000005,West Midlands,E92000001,England,-1.76049,52.69615,331.249730765907
E07000195,Newcastle-under-Lyme,E10000028,Staffordshire,E12000005,West Midlands,E92000001,England,-2.32631,53.00345,210.970674624611
E07000196,South Staffordshire,E10000028,Staffordshire,E12000005,West Midlands,E92000001,England,-2.15495,52.69692,407.322540068932
E07000197,Stafford,E10000028,Staffordshire,E12000005,West Midlands,E92000001,England,-2.16475,52.84792,598.191871058464
E07000198,Staffordshire Moorlands,E10000028,Staffordshire,E12000005,West Midlands,E92000001,England,-1.99334,53.06924,575.824953478516
E07000199,Tamworth,E10000028,Staffordshire,E12000005,West Midlands,E92000001,England,-1.68451,52.62031,30.8612867782135
E06000021,Stoke-on-Trent,E06000021,Stoke-on-Trent,E12000005,West Midlands,E92000001,England,-2.15888,53.01707,93.4094423483658
E06000020,Telford and Wrekin,E06000020,Telford and Wrekin,E12000005,West Midlands,E92000001,England,-2.48941,52.71417,290.32744482988
E07000218,North Warwickshire,E10000031,Warwickshire,E12000005,West Midlands,E92000001,England,-1.6242,52.56484,284.263216688499
E07000219,Nuneaton and Bedworth,E10000031,Warwickshire,E12000005,West Midlands,E92000001,England,-1.47965,52.50094,78.9749143981934
E07000220,Rugby,E10000031,Warwickshire,E12000005,West Midlands,E92000001,England,-1.31828,52.38228,353.521131533813
E07000221,Stratford-on-Avon,E10000031,Warwickshire,E12000005,West Midlands,E92000001,England,-1.63565,52.16154,977.88120974353
E07000222,Warwick,E10000031,Warwickshire,E12000005,West Midlands,E92000001,England,-1.58369,52.30142,282.87741092289
E08000025,Birmingham,E11000005,West Midlands,E12000005,West Midlands,E92000001,England,-1.88141,52.48404,267.777386362793
E08000026,Coventry,E11000005,West Midlands,E12000005,West Midlands,E92000001,England,-1.51908,52.41423,98.6240881915283
E08000027,Dudley,E11000005,West Midlands,E12000005,West Midlands,E92000001,England,-2.10171,52.49513,97.9396185682602
E08000028,Sandwell,E11000005,West Midlands,E12000005,West Midlands,E92000001,England,-2.00771,52.51477,85.5886226174545
E08000029,Solihull,E11000005,West Midlands,E12000005,West Midlands,E92000001,England,-1.71558,52.431,178.28939188768
E08000030,Walsall,E11000005,West Midlands,E12000005,West Midlands,E92000001,England,-1.97044,52.60503,103.989562694435
E08000031,Wolverhampton,E11000005,West Midlands,E12000005,West Midlands,E92000001,England,-2.12746,52.59788,69.4394650673599
E07000234,Bromsgrove,E10000034,Worcestershire,E12000005,West Midlands,E92000001,England,-2.00376,52.36169,217.02440464695
E07000235,Malvern Hills,E10000034,Worcestershire,E12000005,West Midlands,E92000001,England,-2.33089,52.16758,577.089149545784
E07000236,Redditch,E10000034,Worcestershire,E12000005,West Midlands,E92000001,England,-1.9471,52.28541,54.2662290936356
E07000237,Worcester,E10000034,Worcestershire,E12000005,West Midlands,E92000001,England,-2.21025,52.19482,33.2941469516983
E07000238,Wychavon,E10000034,Worcestershire,E12000005,West Midlands,E92000001,England,-2.01614,52.12886,663.451081744408
E07000239,Wyre Forest,E10000034,Worcestershire,E12000005,West Midlands,E92000001,England,-2.23494,52.3853,195.421918626526
E06000011,East Riding of Yorkshire,E06000011,East Riding of Yorkshire,E12000003,Yorkshire and The Humber,E92000001,England,-0.66195,53.88112,2404.95506076044
E06000010,"Kingston upon Hull, City of",E06000010,"Kingston upon Hull, City of",E12000003,Yorkshire and The Humber,E92000001,England,-0.30382,53.7692,71.6108643509674
E06000012,North East Lincolnshire,E06000012,North East Lincolnshire,E12000003,Yorkshire and The Humber,E92000001,England,-0.13911,53.52327,192.712894195221
E06000013,North Lincolnshire,E06000013,North Lincolnshire,E12000003,Yorkshire and The Humber,E92000001,England,-0.52407,53.58643,846.530987092484
E07000163,Craven,E10000023,North Yorkshire,E12000003,Yorkshire and The Humber,E92000001,England,-2.16168,54.05376,1178.93131217836
E07000164,Hambleton,E10000023,North Yorkshire,E12000003,Yorkshire and The Humber,E92000001,England,-1.34049,54.30872,1311.23547424028
E07000165,Harrogate,E10000023,North Yorkshire,E12000003,Yorkshire and The Humber,E92000001,England,-1.58161,54.07708,1309.04707850813
E07000166,Richmondshire,E10000023,North Yorkshire,E12000003,Yorkshire and The Humber,E92000001,England,-1.98552,54.35761,1318.70219100594
E07000167,Ryedale,E10000023,North Yorkshire,E12000003,Yorkshire and The Humber,E92000001,England,-0.84277,54.20021,1506.64417926918
E07000168,Scarborough,E10000023,North Yorkshire,E12000003,Yorkshire and The Humber,E92000001,England,-0.52778,54.3465,816.283277514221
E07000169,Selby,E10000023,North Yorkshire,E12000003,Yorkshire and The Humber,E92000001,England,-1.12908,53.73327,599.305172341629
E08000016,Barnsley,E11000003,South Yorkshire,E12000003,Yorkshire and The Humber,E92000001,England,-1.54925,53.52577,329.128878884766
E08000017,Doncaster,E11000003,South Yorkshire,E12000003,Yorkshire and The Humber,E92000001,England,-1.10894,53.52697,568.021806712189
E08000018,Rotherham,E11000003,South Yorkshire,E12000003,Yorkshire and The Humber,E92000001,England,-1.28651,53.39553,286.466689085205
E08000019,Sheffield,E11000003,South Yorkshire,E12000003,Yorkshire and The Humber,E92000001,England,-1.54254,53.40358,367.85289978949
E08000032,Bradford,E11000006,West Yorkshire,E12000003,Yorkshire and The Humber,E92000001,England,-1.87389,53.84382,366.393462768555
E08000033,Calderdale,E11000006,West Yorkshire,E12000003,Yorkshire and The Humber,E92000001,England,-1.96182,53.72048,363.994685962402
E08000034,Kirklees,E11000006,West Yorkshire,E12000003,Yorkshire and The Humber,E92000001,England,-1.78085,53.64233,408.496914221252
E08000035,Leeds,E11000006,West Yorkshire,E12000003,Yorkshire and The Humber,E92000001,England,-1.50736,53.82273,551.786395121796
E08000036,Wakefield,E11000006,West Yorkshire,E12000003,Yorkshire and The Humber,E92000001,England,-1.42092,53.65922,338.612308789612
E06000014,York,E06000014,York,E12000003,Yorkshire and The Humber,E92000001,England,-1.07375,53.96582,271.935449482834
W06000019,Blaenau Gwent,W06000019,Blaenau Gwent,,,W92000004,Wales,-3.18592,51.75364,108.725540681915
W06000013,Bridgend,W06000013,Bridgend,,,W92000004,Wales,-3.61375,51.5606,250.840881333748
W06000018,Caerphilly,W06000018,Caerphilly,,,W92000004,Wales,-3.19753,51.65001,277.352303206162
W06000015,Cardiff,W06000015,Cardiff,,,W92000004,Wales,-3.22209,51.50254,142.359928389256
W06000010,Carmarthenshire,W06000010,Carmarthenshire,,,W92000004,Wales,-4.2111,51.89495,2371.03295732521
W06000008,Ceredigion,W06000008,Ceredigion,,,W92000004,Wales,-3.94993,52.29795,1788.28305988192
W06000003,Conwy,W06000003,Conwy,,,W92000004,Wales,-3.74646,53.14739,1130.29285429797
W06000004,Denbighshire,W06000004,Denbighshire,,,W92000004,Wales,-3.34761,53.08833,838.733708089432
W06000005,Flintshire,W06000005,Flintshire,,,W92000004,Wales,-3.18248,53.21471,439.740000927986
W06000002,Gwynedd,W06000002,Gwynedd,,,W92000004,Wales,-3.77715,52.89883,2548.40168127432
W06000001,Isle of Anglesey,W06000001,Isle of Anglesey,,,W92000004,Wales,-4.32298,53.27931,715.159890554802
W06000024,Merthyr Tydfil,W06000024,Merthyr Tydfil,,,W92000004,Wales,-3.36425,51.74858,111.930293773514
W06000021,Monmouthshire,W06000021,Monmouthshire,,,W92000004,Wales,-2.9028,51.77827,850.337006391602
W06000012,Neath Port Talbot,W06000012,Neath Port Talbot,,,W92000004,Wales,-3.74638,51.6445,442.232357277447
W06000022,Newport,W06000022,Newport,,,W92000004,Wales,-2.89769,51.58231,190.445743026707
W06000009,Pembrokeshire,W06000009,Pembrokeshire,,,W92000004,Wales,-4.90818,51.85513,1618.11095472271
W06000023,Powys,W06000023,Powys,,,W92000004,Wales,-3.43531,52.34864,5195.4172472797
W06000016,Rhondda Cynon Taf,W06000016,Rhondda Cynon Taf,,,W92000004,Wales,-3.41359,51.62185,424.1341870298
W06000011,Swansea,W06000011,Swansea,,,W92000004,Wales,-3.96723,51.65806,377.53915742181
W06000020,Torfaen,W06000020,Torfaen,,,W92000004,Wales,-3.05101,51.69836,126.223129768017
W06000014,Vale of Glamorgan,W06000014,Vale of Glamorgan,,,W92000004,Wales,-3.39801,51.44836,331.272439190769
W06000006,Wrexham,W06000006,Wrexham,,,W92000004,Wales,-2.99203,53.00167,503.684318663422
